id,label
1,Ryan
2,*
3,Professional
4,Professional
5,John
6,Joseph
7,Jamie
8,*
9,Darrell
10,*
11,Professional
12,Dawn
13,*
14,Student
15,Ryan
16,Lisa
17,Professional
18,Steven
19,Brittany
20,*
21,Anthony
22,Beth
23,John
24,Student
25,Scott
26,Patrick
27,*
28,*
29,Stephen
30,Rickey
31,Alyssa
32,Brent
33,Mariah
34,Veronica
35,Elizabeth
36,Kimberly
37,Brett
38,April
39,Mike
40,Kevin
41,John
42,*
43,Professional
44,Professional
45,*
46,Professional
47,Student
48,Professional
49,Joshua
50,Heather
51,Ashley
52,Professional
53,Professional
54,Tyler
55,Cheryl
56,Maria
57,Student
58,Katie
59,Student
60,Stacy
61,Dylan
62,Brooke
63,Matthew
64,Sarah
65,Steven
66,Ronald
67,Professional
68,*
69,Debbie
70,Professional
71,Professional
72,Tammy
73,Michelle
74,Stephanie
75,Jerry
76,Tammie
77,Victor
78,David
79,Professional
80,Professional
81,Melinda
82,Professional
83,Lisa
84,Mario
85,Christina
86,Professional
87,Brian
88,David
89,*
90,*
91,Student
92,Christina
93,Christina
94,Joseph
95,*
96,Ricky
97,Michael
98,Nathan
99,Bobby
100,Todd
101,*
102,Ryan
103,Willie
104,Wesley
105,Professional
106,Bonnie
107,Student
108,Connor
109,Jennifer
110,Sandra
111,Michael
112,Professional
113,Colleen
114,Student
115,Kent
116,Steven
117,Professional
118,Laura
119,Michael
120,Student
121,Jamie
122,Kristin
123,Joseph
124,Julie
125,*
126,Audrey
127,*
128,Andrea
129,Amy
130,Michael
131,Garrett
132,*
133,April
134,Michelle
135,*
136,Timothy
137,*
138,Ronald
139,Connie
140,Student
141,Cassie
142,Blake
143,Professional
144,Edward
145,Ryan
146,Professional
147,Kelly
148,Joseph
149,Professional
150,Ian
